first_name,last_name,email,start_date,department,Gender,CitizenID,PhoneNumber,Salary,AcademicPosition,DepartmentPosition
Alice,Johnson,alice.johnson@kmutt.ac.th,2020-08-15T00:00:00Z,Computer Engineering,Female,1234567890123,,35789,3,3
Bob,Smith,bob.smith@kmutt.ac.th,2018-03-01T00:00:00Z,Mechanical Engineering,Male,2345678901234,,49231,3,3
Carol,Lee,carol.lee@kmutt.ac.th,2019-11-20T00:00:00Z,Physics,Male,3456789012345,,83724,3,3
David,Wong,david.wong@kmutt.ac.th,2021-01-10T00:00:00Z,Chemistry,Female,4567890123456,,10345,3,3
Eva,Brown,eva.brown@kmutt.ac.th,2017-06-15T00:00:00Z,Marketing,Male,5678901234567,,90000,3,3
Frank,Green,frank.green@kmutt.ac.th,2022-09-01T00:00:00Z,Finance,Female,6789012345678,,11234,3,3
Grace,Miller,grace.miller@kmutt.ac.th,2016-05-03T00:00:00Z,Interior Design,Male,7890123456789,,76543,3,3
Henry,Davis,henry.davis@kmutt.ac.th,2020-12-20T00:00:00Z,Urban Planning,Female,8901234567890,,65432,3,3