first_name,last_name,email,department
John,Doe,johndoe@example.com,Computer Science
Jane,Smith,janesmith@example.com,Marketing
Alice,Johnson,alicejohnson@example.com,Design
Bob,Brown,bobbrown@example.com,Physics
Emma,Wilson,emmawilson@example.com,Electrical Engineering
