first_name,last_name,email,start_date,department
Alice,Johnson,alice.johnson@kmutt.ac.th,2020-08-15T00:00:00Z,Computer Engineering
Bob,Smith,bob.smith@kmutt.ac.th,2018-03-01T00:00:00Z,Mechanical Engineering
Carol,Lee,carol.lee@kmutt.ac.th,2019-11-20T00:00:00Z,Physics
David,Wong,david.wong@kmutt.ac.th,2021-01-10T00:00:00Z,Chemistry
Eva,Brown,eva.brown@kmutt.ac.th,2017-06-15T00:00:00Z,Marketing
Frank,Green,frank.green@kmutt.ac.th,2022-09-01T00:00:00Z,Finance
Grace,Miller,grace.miller@kmutt.ac.th,2016-05-03T00:00:00Z,Interior Design
Henry,Davis,henry.davis@kmutt.ac.th,2020-12-20T00:00:00Z,Urban Planning
